request_id,amount_safe_to_pay,affordability_status,recommended_payment_method,payment_plan,earliest_date_for_full_payment,spending_changes_needed,decision_explanation
REQ001,500.00,affordable_now,full_payment,"2025-01-05:500.00",2025-01-05,"none","Request REQ001 for 500.00 USD from Amazon. Full payment of 500.00 USD is affordable today. Balance remains above the minimum threshold of 200.00 USD throughout the 90-day forecast."
REQ002,1200.00,affordable_now,full_payment,"2025-01-10:1200.00",2025-01-10,"none","Request REQ002 for 1200.00 USD from Apple Store. Full payment of 1200.00 USD is affordable today. Balance remains above the minimum threshold of 200.00 USD throughout the 90-day forecast."
REQ003,300.00,affordable_with_plan,full_payment,"2025-01-08:300.00",2025-01-08,"stop:EVT026","Request REQ003 for 300.00 EUR from IKEA. Affordable with a payment plan that includes stopping EVT026. The balance stays above the minimum threshold throughout the 90-day forecast."
REQ004,0.00,affordable_with_plan,wait,"",2025-03-01,"stop:EVT026","Request REQ004 for 2500.00 EUR from Travel Agency. Affordable with a payment plan that includes stopping EVT026. The balance stays above the minimum threshold throughout the 90-day forecast."
REQ005,150.00,affordable_now,full_payment,"2025-01-03:150.00",2025-01-03,"none","Request REQ005 for 150.00 GBP from Netflix. Full payment of 150.00 GBP is affordable today. Balance remains above the minimum threshold of 50.00 GBP throughout the 90-day forecast."
REQ006,415.00,affordable_with_plan,partial_payment,"2025-01-12:415.00|2025-02-01:385.00",2025-02-01,"none","Request REQ006 for 800.00 GBP from Dentist. Partial payment of 415.00 GBP today, with the remaining 385.00 GBP on 2025-02-01. Both payments keep the balance above the minimum threshold."
REQ007,450.00,affordable_now,full_payment,"2025-01-20:450.00",2025-01-20,"none","Request REQ007 for 450.00 USD from Best Buy. Full payment of 450.00 USD is affordable today. Balance remains above the minimum threshold of 200.00 USD throughout the 90-day forecast."
REQ008,2000.00,affordable_now,full_payment,"2025-01-06:2000.00",2025-01-06,"none","Request REQ008 for 2000.00 USD from Car Repair. Full payment of 2000.00 USD is affordable today. Balance remains above the minimum threshold of 500.00 USD throughout the 90-day forecast."
REQ009,75.00,affordable_now,full_payment,"2025-01-18:75.00",2025-01-18,"none","Request REQ009 for 75.00 USD from Grocery Store. Full payment of 75.00 USD is affordable today. Balance remains above the minimum threshold of 500.00 USD throughout the 90-day forecast."
REQ010,500.00,affordable_with_plan,partial_payment,"2025-01-22:500.00|2025-02-01:100.00",2025-02-01,"none","Request REQ010 for 600.00 EUR from Gym Membership. Partial payment of 500.00 EUR today, with the remaining 100.00 EUR on 2025-02-01. Both payments keep the balance above the minimum threshold."
REQ011,340.00,affordable_with_plan,installments,"2025-01-25:340.00|2025-02-25:330.00|2025-03-25:330.00",2025-03-25,"none","Request REQ011 for 1000.00 GBP from Laptop. Affordable using installments. The plan completes by 2025-03-25 and keeps the balance above the minimum threshold. Installment plan: 2025-01-25 (340.00), 2025-02-25 (330.00), 2025-03-25 (330.00)."
REQ012,350.00,affordable_now,full_payment,"2025-02-01:350.00",2025-02-01,"none","Request REQ012 for 350.00 USD from Amazon. Full payment of 350.00 USD is affordable today. Balance remains above the minimum threshold of 500.00 USD throughout the 90-day forecast."
REQ013,2000.00,affordable_now,full_payment,"2025-02-03:2000.00",2025-02-03,"none","Request REQ013 for 2000.00 USD from University. Full payment of 2000.00 USD is affordable today. Balance remains above the minimum threshold of 200.00 USD throughout the 90-day forecast."
REQ014,400.00,affordable_now,full_payment,"2025-02-10:400.00",2025-02-10,"none","Request REQ014 for 400.00 EUR from Restaurant. Full payment of 400.00 EUR is affordable today. Balance remains above the minimum threshold of 100.00 EUR throughout the 90-day forecast."
REQ015,120.00,affordable_now,full_payment,"2025-02-14:120.00",2025-02-14,"none","Request REQ015 for 120.00 GBP from Bookstore. Full payment of 120.00 GBP is affordable today. Balance remains above the minimum threshold of 50.00 GBP throughout the 90-day forecast."
